"Label (Grouping)","Mobile County, Alabama!!Total!!Estimate","Mobile County, Alabama!!Total!!Margin of Error","Mobile County, Alabama!!Car, truck, or van -- drove alone!!Estimate","Mobile County, Alabama!!Car, truck, or van -- drove alone!!Margin of Error","Mobile County, Alabama!!Car, truck, or van -- carpooled!!Estimate","Mobile County, Alabama!!Car, truck, or van -- carpooled!!Margin of Error","Mobile County, Alabama!!Public transportation (excluding taxicab)!!Estimate","Mobile County, Alabama!!Public transportation (excluding taxicab)!!Margin of Error"
"Workers 16 years and over","173,223","±2,019","148,366","±1,984","11,994","±976","896","±281"
"    AGE","","","","","","","",""
"        16 to 19 years","3.0%","±0.4","2.9%","±0.4","5.6%","±1.6","0.0%","±3.8"
"        20 to 24 years","9.3%","±0.4","8.9%","±0.5","15.0%","±2.4","21.2%","±15.6"
"        25 to 44 years","45.2%","±0.7","45.1%","±0.9","46.5%","±4.3","31.9%","±11.6"
"        45 to 54 years","19.8%","±0.5","20.2%","±0.6","15.8%","±2.4","20.8%","±9.3"
"        55 to 59 years","9.4%","±0.5","9.7%","±0.6","6.8%","±1.9","8.8%","±5.7"
"        60 years and over","13.2%","±0.5","13.3%","±0.6","10.3%","±3.1","17.3%","±8.4"
"        Median age (years)","41.4","±0.3","41.7","±0.5","38.1","±1.7","41.4","±15.1"
"    SEX","","","","","","","",""
"        Male","51.5%","±0.7","51.1%","±0.8","52.8%","±3.5","57.1%","±13.1"
"        Female","48.5%","±0.7","48.9%","±0.8","47.2%","±3.5","42.9%","±13.1"
"    RACE AND HISPANIC OR LATINO ORIGIN","","","","","","","",""
"        One race","98.2%","±0.3","98.2%","±0.3","98.0%","±1.0","99.2%","±1.2"
"            White","61.7%","±0.7","62.6%","±0.8","47.5%","±3.8","27.9%","±15.1"
"            Black or African American","32.4%","±0.7","32.0%","±0.8","41.0%","±3.9","68.2%","±15.1"
"            American Indian and Alaska Native","0.7%","±0.2","0.7%","±0.2","2.0%","±1.2","0.0%","±3.8"
"            Asian","2.3%","±0.2","2.0%","±0.2","5.7%","±2.0","3.1%","±4.0"
"            Native Hawaiian and Other Pacific Islander","0.0%","±0.1","0.0%","±0.1","0.0%","±0.3","0.0%","±3.8"
"            Some other race","1.0%","±0.3","0.9%","±0.2","1.7%","±1.5","0.0%","±3.8"
"        Two or more races","1.8%","±0.3","1.8%","±0.3","2.0%","±1.0","0.8%","±1.2"
"        Hispanic or Latino origin (of any race)","3.0%","±0.2","2.9%","±0.3","3.4%","±1.6","0.0%","±3.8"
"        White alone, not Hispanic or Latino","60.0%","±0.7","60.9%","±0.9","46.0%","±3.9","27.9%","±15.1"
"    NATIVITY AND CITIZENSHIP STATUS","","","","","","","",""
"        Native","95.7%","±0.4","96.0%","±0.4","92.0%","±2.7","96.9%","±4.0"
"        Foreign born","4.3%","±0.4","4.0%","±0.4","8.0%","±2.7","3.1%","±4.0"
"            Naturalized U.S. citizen","2.6%","±0.3","2.4%","±0.4","4.4%","±1.8","3.1%","±4.0"
"            Not a U.S. citizen","1.7%","±0.3","1.5%","±0.3","3.6%","±1.8","0.0%","±3.8"
"    LANGUAGE SPOKEN AT HOME AND ABILITY TO SPEAK ENGLISH","","","","","","","",""
"        Speak language other than English","4.8%","±0.5","4.4%","±0.5","9.0%","±2.5","4.5%","±4.6"
"            Speak English ""very well""","3.2%","±0.4","3.1%","±0.5","4.5%","±1.5","4.1%","±4.6"
"            Speak English less than ""very well""","1.6%","±0.3","1.3%","±0.2","4.4%","±2.1","0.3%","±0.6"
"EARNINGS IN THE PAST 12 MONTHS (IN 2020 INFLATION-ADJUSTED DOLLARS) FOR WORKERS","","","","","","","",""
"    Workers 16 years and over with earnings","173,201","±2,015","148,344","±1,982","11,994","±976","896","±281"
"        $1 to $9,999 or loss","11.1%","±0.7","10.2%","±0.8","15.9%","±2.9","26.6%","±10.2"
"        $10,000 to $14,999","7.2%","±0.5","6.7%","±0.5","10.3%","±2.1","12.7%","±8.2"
"        $15,000 to $24,999","16.6%","±0.8","16.4%","±1.0","21.6%","±2.9","28.9%","±13.5"
"        $25,000 to $34,999","15.7%","±0.8","15.9%","±0.8","16.0%","±3.1","6.5%","±4.8"
"        $35,000 to $49,999","16.4%","±0.8","17.1%","±0.9","11.6%","±2.7","5.6%","±5.9"
"        $50,000 to $64,999","13.1%","±0.8","13.6%","±0.9","10.7%","±2.1","1.1%","±1.2"
"        $65,000 to $74,999","4.5%","±0.4","4.5%","±0.5","4.4%","±1.7","1.5%","±1.6"
"        $75,000 or more","15.4%","±0.7","15.6%","±0.8","9.4%","±2.8","17.2%","±9.4"
"        Median earnings (dollars)","34,497","±931","35,647","±1,050","26,165","±1,914","17,124","±2,307"
"POVERTY STATUS IN THE PAST 12 MONTHS","","","","","","","",""
"    Workers 16 years and over for whom poverty status is determined","172,349","±2,019","148,044","±1,998","11,922","±979","882","±277"
"        Below 100 percent of the poverty level","7.1%","±0.6","6.5%","±0.6","12.4%","±2.9","30.4%","±11.5"
"        100 to 149 percent of the poverty level","8.3%","±0.6","8.2%","±0.7","8.9%","±2.2","26.4%","±15.9"
"        At or above 150 percent of the poverty level","84.6%","±0.8","85.3%","±0.9","78.6%","±3.4","43.2%","±14.4"
"Workers 16 years and over","173,223","±2,019","148,366","±1,984","11,994","±976","896","±281"
"    OCCUPATION","","","","","","","",""
"        Management, business, science, and arts occupations","33.7%","±1.0","34.0%","±1.1","26.1%","±3.1","11.5%","±6.8"
"        Service occupations","17.2%","±0.9","16.7%","±1.0","21.4%","±2.9","49.0%","±14.6"
"        Sales and office occupations","22.6%","±0.9","22.7%","±1.0","21.2%","±3.9","24.8%","±10.3"
"        Natural resources, construction, and maintenance occupations","10.6%","±0.7","10.4%","±0.7","14.0%","±3.1","6.1%","±7.8"
"        Production, transportation, and material moving occupations","15.6%","±0.8","16.0%","±0.9","17.2%","±3.3","7.8%","±5.4"
"        Military specific occupations","0.2%","±0.1","0.2%","±0.1","0.2%","±0.2","0.8%","±1.3"
"    INDUSTRY","","","","","","","",""
"        Agriculture, forestry, fishing and hunting, and mining","1.2%","±0.4","0.7%","±0.2","3.3%","±2.4","0.0%","±3.8"
"        Construction","7.3%","±0.6","7.1%","±0.6","8.3%","±2.0","6.5%","±7.9"
"        Manufacturing","12.3%","±0.7","13.0%","±0.8","7.5%","±1.8","11.3%","±7.4"
"        Wholesale trade","2.8%","±0.3","2.8%","±0.3","2.9%","±2.0","4.2%","±4.5"
"        Retail trade","11.4%","±0.6","11.6%","±0.6","11.9%","±2.2","12.5%","±8.4"
"        Transportation and warehousing, and utilities","6.1%","±0.5","6.1%","±0.6","5.8%","±1.8","0.4%","±0.7"
"        Information and finance and insurance, and real estate and rental and leasing","7.3%","±0.6","6.9%","±0.7","4.8%","±1.5","4.5%","±4.0"
"        Professional, scientific, management, and administrative and waste management services","9.6%","±0.7","8.9%","±0.7","8.7%","±1.9","11.8%","±6.4"
"        Educational services, and health care and social assistance","22.7%","±0.8","23.6%","±0.8","21.3%","±3.6","11.8%","±7.9"
"        Arts, entertainment, and recreation, and accommodation and food services","9.5%","±0.6","9.0%","±0.7","16.1%","±3.0","30.4%","±15.4"
"        Other services (except public administration)","5.3%","±0.5","5.3%","±0.5","5.7%","±1.9","3.9%","±2.9"
"        Public administration","4.1%","±0.4","4.4%","±0.5","3.2%","±1.3","1.9%","±2.2"
"        Armed forces","0.5%","±0.2","0.5%","±0.2","0.5%","±0.5","0.8%","±1.3"
"    CLASS OF WORKER","","","","","","","",""
"        Private wage and salary workers","80.8%","±0.9","81.7%","±0.9","81.9%","±2.5","88.5%","±7.4"
"        Government workers","14.0%","±0.9","14.8%","±0.9","12.2%","±2.4","9.5%","±7.2"
"        Self-employed workers in own not incorporated business","5.0%","±0.5","3.4%","±0.4","5.7%","±1.6","2.0%","±1.7"
"        Unpaid family workers","0.2%","±0.1","0.1%","±0.1","0.2%","±0.3","0.0%","±3.8"
"    PLACE OF WORK","","","","","","","",""
"        Worked in state of residence","94.2%","±0.6","94.1%","±0.7","93.7%","±2.0","97.4%","±3.7"
"            Worked in county of residence","90.2%","±0.7","89.9%","±0.7","88.8%","±2.5","97.4%","±3.7"
"            Worked outside county of residence","4.0%","±0.4","4.3%","±0.4","4.9%","±1.5","0.0%","±3.8"
"        Worked outside state of residence","5.8%","±0.6","5.9%","±0.7","6.3%","±2.0","2.6%","±3.7"
"Workers 16 years and over who did not work from home","164,732","±1,973","148,366","±1,984","11,994","±976","896","±281"
"    TIME OF DEPARTURE TO GO TO WORK","","","","","","","",""
"        12:00 a.m. to 4:59 a.m.","7.8%","±0.7","7.9%","±0.7","7.1%","±2.1","2.7%","±4.3"
"        5:00 a.m. to 5:29 a.m.","5.7%","±0.6","5.7%","±0.5","5.9%","±2.7","2.6%","±2.2"
"        5:30 a.m. to 5:59 a.m.","6.9%","±0.5","6.8%","±0.5","9.0%","±2.4","8.1%","±5.4"
"        6:00 a.m. to 6:29 a.m.","10.5%","±0.7","10.6%","±0.7","8.6%","±2.1","16.1%","±7.4"
"        6:30 a.m. to 6:59 a.m.","13.0%","±0.9","13.2%","±0.9","12.1%","±2.8","7.3%","±5.1"
"        7:00 a.m. to 7:29 a.m.","16.0%","±0.8","16.4%","±0.9","12.0%","±2.5","11.7%","±8.0"
"        7:30 a.m. to 7:59 a.m.","11.4%","±0.8","11.8%","±0.9","6.9%","±2.0","11.9%","±8.2"
"        8:00 a.m. to 8:29 a.m.","7.3%","±0.6","7.3%","±0.6","7.4%","±2.3","4.1%","±3.4"
"        8:30 a.m. to 8:59 a.m.","3.5%","±0.4","3.5%","±0.5","2.6%","±1.1","0.2%","±0.5"
"        9:00 a.m. to 11:59 p.m.","18.1%","±0.8","16.9%","±0.7","28.3%","±4.3","35.3%","±13.6"
"    TRAVEL TIME TO WORK","","","","","","","",""
"        Less than 10 minutes","8.6%","±0.6","8.0%","±0.6","7.5%","±1.9","6.3%","±6.4"
"        10 to 14 minutes","11.4%","±0.6","11.5%","±0.7","10.1%","±1.7","2.8%","±3.5"
"        15 to 19 minutes","18.3%","±0.8","18.6%","±0.8","19.0%","±3.2","2.0%","±3.2"
"        20 to 24 minutes","18.0%","±1.0","18.7%","±1.1","12.0%","±2.9","11.4%","±5.2"
"        25 to 29 minutes","7.1%","±0.5","7.2%","±0.6","7.1%","±2.2","1.0%","±1.5"
"        30 to 34 minutes","18.8%","±1.0","19.1%","±1.0","16.9%","±3.3","33.7%","±15.5"
"        35 to 44 minutes","5.2%","±0.6","5.2%","±0.6","6.5%","±1.8","5.0%","±5.1"
"        45 to 59 minutes","7.1%","±0.5","7.0%","±0.6","9.0%","±2.4","8.0%","±5.0"
"        60 or more minutes","5.5%","±0.7","4.8%","±0.7","11.8%","±2.7","29.8%","±12.3"
"        Mean travel time to work (minutes)","N","N","N","N","N","N","N","N"
"Workers 16 years and over in households","172,291","±2,019","148,014","±2,001","11,911","±980","880","±277"
"    HOUSING TENURE","","","","","","","",""
"        Owner-occupied housing units","68.3%","±1.3","69.3%","±1.3","59.2%","±4.1","28.8%","±10.7"
"        Renter-occupied housing units","31.7%","±1.3","30.7%","±1.3","40.8%","±4.1","71.3%","±10.7"
"    VEHICLES AVAILABLE","","","","","","","",""
"        No vehicle available","2.0%","±0.3","1.0%","±0.3","6.0%","±1.9","41.6%","±13.6"
"        1 vehicle available","20.5%","±0.9","19.7%","±0.8","27.4%","±4.4","33.3%","±14.2"
"        2 vehicles available","41.4%","±1.4","42.1%","±1.5","37.5%","±4.6","22.6%","±9.8"
"        3 or more vehicles available","36.1%","±1.4","37.2%","±1.5","29.0%","±4.1","2.5%","±2.6"
"PERCENT ALLOCATED","","","","","","","",""
"    Means of transportation to work","10.1%","(X)","(X)","(X)","(X)","(X)","(X)","(X)"
"    Time of departure to go to work","19.4%","(X)","(X)","(X)","(X)","(X)","(X)","(X)"
"    Travel time to work","14.6%","(X)","(X)","(X)","(X)","(X)","(X)","(X)"
"    Vehicles available","1.2%","(X)","(X)","(X)","(X)","(X)","(X)","(X)"