"Label (Grouping)","Baldwin County, Alabama!!Total!!Estimate","Baldwin County, Alabama!!Total!!Margin of Error","Baldwin County, Alabama!!Car, truck, or van -- drove alone!!Estimate","Baldwin County, Alabama!!Car, truck, or van -- drove alone!!Margin of Error","Baldwin County, Alabama!!Car, truck, or van -- carpooled!!Estimate","Baldwin County, Alabama!!Car, truck, or van -- carpooled!!Margin of Error","Baldwin County, Alabama!!Public transportation!!Estimate","Baldwin County, Alabama!!Public transportation!!Margin of Error","Baldwin County, Alabama!!Worked from home!!Estimate","Baldwin County, Alabama!!Worked from home!!Margin of Error"
"Workers 16 years and over","118,306","±4,472","94,466","±5,077","7,039","±1,807","0","±213","14,147","±2,513"
"    AGE","","","","","","","","","",""
"        16 to 19 years","4.1%","±1.1","4.3%","±1.4","10.5%","±8.8","-","**","0.5%","±0.9"
"        20 to 24 years","7.5%","±1.3","8.2%","±1.5","5.9%","±5.1","-","**","2.5%","±2.8"
"        25 to 44 years","39.3%","±2.1","38.9%","±2.6","36.9%","±12.7","-","**","41.6%","±10.4"
"        45 to 54 years","21.3%","±1.6","20.8%","±1.9","26.0%","±10.4","-","**","22.2%","±6.9"
"        55 to 59 years","10.2%","±1.6","9.2%","±1.8","10.4%","±6.7","-","**","16.8%","±6.7"
"        60 years and over","17.7%","±1.8","18.6%","±2.2","10.3%","±8.2","-","**","16.3%","±5.1"
"        Median age (years)","44.5","±1.3","44.2","±1.2","42.7","±5.9","-","**","46.7","±3.4"
"    SEX","","","","","","","","","",""
"        Male","53.5%","±2.1","54.6%","±2.5","59.7%","±12.6","-","**","42.3%","±9.7"
"        Female","46.5%","±2.1","45.4%","±2.5","40.3%","±12.6","-","**","57.7%","±9.7"
"    RACE AND HISPANIC OR LATINO ORIGIN","","","","","","","","","",""
"        One race","N","N","N","N","N","N","N","N","N","N"
"            White","84.5%","±1.7","84.9%","±2.0","77.0%","±10.3","-","**","87.8%","±7.0"
"            Black or African American","N","N","N","N","N","N","N","N","N","N"
"            American Indian and Alaska Native","N","N","N","N","N","N","N","N","N","N"
"            Asian","N","N","N","N","N","N","N","N","N","N"
"            Native Hawaiian and Other Pacific Islander","N","N","N","N","N","N","N","N","N","N"
"            Some other race","N","N","N","N","N","N","N","N","N","N"
"        Two or more races","N","N","N","N","N","N","N","N","N","N"
"        Hispanic or Latino origin (of any race)","N","N","N","N","N","N","N","N","N","N"
"        White alone, not Hispanic or Latino","83.2%","±1.7","83.4%","±2.0","77.0%","±10.3","-","**","86.5%","±6.8"
"    NATIVITY AND CITIZENSHIP STATUS","","","","","","","","","",""
"        Native","95.2%","±1.2","95.3%","±1.2","92.0%","±6.9","-","**","96.4%","±3.7"
"        Foreign born","4.8%","±1.2","4.7%","±1.2","8.0%","±6.9","-","**","3.6%","±3.7"
"            Naturalized U.S. citizen","3.3%","±0.9","3.4%","±1.0","1.0%","±1.9","-","**","3.3%","±3.8"
"            Not a U.S. citizen","1.5%","±0.8","1.3%","±0.8","7.0%","±6.9","-","**","0.4%","±0.7"
"    LANGUAGE SPOKEN AT HOME AND ABILITY TO SPEAK ENGLISH","","","","","","","","","",""
"        Speak language other than English","6.2%","±1.6","5.7%","±1.7","14.1%","±8.3","-","**","5.7%","±5.1"
"            Speak English ""very well""","4.7%","±1.6","4.4%","±1.6","8.0%","±7.1","-","**","5.7%","±5.1"
"            Speak English less than ""very well""","1.4%","±0.9","1.3%","±0.8","6.1%","±7.9","-","**","0.0%","±1.3"
"EARNINGS IN THE PAST 12 MONTHS (IN 2024 INFLATION-ADJUSTED DOLLARS) FOR WORKERS","","","","","","","","","",""
"    Workers 16 years and over with earnings","118,306","±4,472","94,466","±5,077","7,039","±1,807","0","±213","14,147","±2,513"
"        $1 to $9,999 or loss","10.8%","±2.0","11.2%","±2.1","12.3%","±8.9","-","**","6.8%","±4.3"
"        $10,000 to $14,999","4.2%","±1.2","4.6%","±1.4","1.8%","±2.4","-","**","3.3%","±3.0"
"        $15,000 to $24,999","8.7%","±1.8","8.5%","±1.8","17.0%","±9.2","-","**","6.6%","±4.0"
"        $25,000 to $34,999","10.6%","±2.0","11.2%","±2.4","12.1%","±7.4","-","**","5.6%","±3.6"
"        $35,000 to $49,999","14.4%","±2.2","14.0%","±2.1","13.7%","±7.9","-","**","18.2%","±9.0"
"        $50,000 to $64,999","14.3%","±2.0","15.0%","±2.1","13.4%","±10.2","-","**","10.2%","±4.9"
"        $65,000 to $74,999","7.2%","±1.6","7.0%","±1.9","9.6%","±8.2","-","**","4.3%","±3.0"
"        $75,000 or more","29.8%","±3.2","28.5%","±3.5","20.1%","±9.3","-","**","45.0%","±9.0"
"        Median earnings (dollars)","50,863","±2,570","50,306","±4,598","41,801","±15,310","-","**","62,083","±19,167"
"POVERTY STATUS IN THE PAST 12 MONTHS","","","","","","","","","",""
"    Workers 16 years and over for whom poverty status is determined","N","N","N","N","N","N","N","N","N","N"
"        Below 100 percent of the poverty level","N","N","N","N","N","N","N","N","N","N"
"        100 to 149 percent of the poverty level","N","N","N","N","N","N","N","N","N","N"
"        At or above 150 percent of the poverty level","N","N","N","N","N","N","N","N","N","N"
"Workers 16 years and over","118,306","±4,472","94,466","±5,077","7,039","±1,807","0","±213","14,147","±2,513"
"    OCCUPATION","","","","","","","","","",""
"        Management, business, science, and arts occupations","N","N","N","N","N","N","N","N","N","N"
"        Service occupations","N","N","N","N","N","N","N","N","N","N"
"        Sales and office occupations","N","N","N","N","N","N","N","N","N","N"
"        Natural resources, construction, and maintenance occupations","N","N","N","N","N","N","N","N","N","N"
"        Production, transportation, and material moving occupations","N","N","N","N","N","N","N","N","N","N"
"        Military specific occupations","N","N","N","N","N","N","N","N","N","N"
"    INDUSTRY","","","","","","","","","",""
"        Agriculture, forestry, fishing and hunting, and mining","N","N","N","N","N","N","N","N","N","N"
"        Construction","N","N","N","N","N","N","N","N","N","N"
"        Manufacturing","N","N","N","N","N","N","N","N","N","N"
"        Wholesale trade","N","N","N","N","N","N","N","N","N","N"
"        Retail trade","N","N","N","N","N","N","N","N","N","N"
"        Transportation and warehousing, and utilities","N","N","N","N","N","N","N","N","N","N"
"        Information and finance and insurance, and real estate and rental and leasing","N","N","N","N","N","N","N","N","N","N"
"        Professional, scientific, management, and administrative and waste management services","N","N","N","N","N","N","N","N","N","N"
"        Educational services, and health care and social assistance","N","N","N","N","N","N","N","N","N","N"
"        Arts, entertainment, and recreation, and accommodation and food services","N","N","N","N","N","N","N","N","N","N"
"        Other services (except public administration)","N","N","N","N","N","N","N","N","N","N"
"        Public administration","N","N","N","N","N","N","N","N","N","N"
"        Armed forces","N","N","N","N","N","N","N","N","N","N"
"    CLASS OF WORKER","","","","","","","","","",""
"        Private wage and salary workers","75.8%","±3.2","75.9%","±3.3","75.8%","±10.5","-","**","76.9%","±10.4"
"        Government workers","16.9%","±3.0","17.8%","±3.0","20.6%","±10.8","-","**","8.3%","±6.0"
"        Self-employed workers in own not incorporated business","7.3%","±1.9","6.3%","±1.8","3.6%","±3.6","-","**","14.8%","±8.4"
"        Unpaid family workers","0.0%","±0.2","0.0%","±0.2","0.0%","±2.6","-","**","0.0%","±1.3"
"    PLACE OF WORK","","","","","","","","","",""
"        Worked in state of residence","93.5%","±1.5","93.0%","±1.6","85.6%","±8.4","-","**","100.0%","±1.3"
"            Worked in county of residence","74.0%","±3.0","69.3%","±3.5","76.4%","±10.6","-","**","100.0%","±1.3"
"            Worked outside county of residence","19.5%","±2.6","23.7%","±3.2","9.2%","±7.2","-","**","(X)","(X)"
"        Worked outside state of residence","6.5%","±1.5","7.0%","±1.6","14.4%","±8.4","-","**","(X)","(X)"
"Workers 16 years and over who did not work from home","N","N","N","N","N","N","N","N","(X)","(X)"
"    TIME OF DEPARTURE TO GO TO WORK","","","","","","","","","",""
"        12:00 a.m. to 4:59 a.m.","N","N","N","N","N","N","N","N","(X)","(X)"
"        5:00 a.m. to 5:29 a.m.","N","N","N","N","N","N","N","N","(X)","(X)"
"        5:30 a.m. to 5:59 a.m.","N","N","N","N","N","N","N","N","(X)","(X)"
"        6:00 a.m. to 6:29 a.m.","N","N","N","N","N","N","N","N","(X)","(X)"
"        6:30 a.m. to 6:59 a.m.","N","N","N","N","N","N","N","N","(X)","(X)"
"        7:00 a.m. to 7:29 a.m.","N","N","N","N","N","N","N","N","(X)","(X)"
"        7:30 a.m. to 7:59 a.m.","N","N","N","N","N","N","N","N","(X)","(X)"
"        8:00 a.m. to 8:29 a.m.","N","N","N","N","N","N","N","N","(X)","(X)"
"        8:30 a.m. to 8:59 a.m.","N","N","N","N","N","N","N","N","(X)","(X)"
"        9:00 a.m. to 11:59 p.m.","N","N","N","N","N","N","N","N","(X)","(X)"
"    TRAVEL TIME TO WORK","","","","","","","","","",""
"        Less than 10 minutes","N","N","N","N","N","N","N","N","(X)","(X)"
"        10 to 14 minutes","N","N","N","N","N","N","N","N","(X)","(X)"
"        15 to 19 minutes","N","N","N","N","N","N","N","N","(X)","(X)"
"        20 to 24 minutes","N","N","N","N","N","N","N","N","(X)","(X)"
"        25 to 29 minutes","N","N","N","N","N","N","N","N","(X)","(X)"
"        30 to 34 minutes","N","N","N","N","N","N","N","N","(X)","(X)"
"        35 to 44 minutes","N","N","N","N","N","N","N","N","(X)","(X)"
"        45 to 59 minutes","N","N","N","N","N","N","N","N","(X)","(X)"
"        60 or more minutes","N","N","N","N","N","N","N","N","(X)","(X)"
"        Mean travel time to work (minutes)","N","N","N","N","N","N","N","N","(X)","(X)"
"Workers 16 years and over in households","118,222","±4,471","94,459","±5,077","7,039","±1,807","0","±213","14,147","±2,513"
"    HOUSING TENURE","","","","","","","","","",""
"        Owner-occupied housing units","77.0%","±4.2","77.5%","±4.5","76.4%","±12.3","-","**","76.5%","±12.1"
"        Renter-occupied housing units","23.0%","±4.2","22.5%","±4.5","23.6%","±12.3","-","**","23.5%","±12.1"
"    VEHICLES AVAILABLE","","","","","","","","","",""
"        No vehicle available","2.3%","±1.3","1.4%","±1.0","9.9%","±9.9","-","**","3.4%","±5.2"
"        1 vehicle available","12.1%","±2.4","12.2%","±2.7","3.8%","±4.2","-","**","9.1%","±5.3"
"        2 vehicles available","43.2%","±4.7","43.1%","±5.0","35.5%","±13.9","-","**","49.7%","±10.8"
"        3 or more vehicles available","42.4%","±4.4","43.3%","±5.0","50.9%","±12.7","-","**","37.7%","±10.2"
"PERCENT ALLOCATED","","","","","","","","","",""
"    Means of transportation to work","14.0%","(X)","(X)","(X)","(X)","(X)","(X)","(X)","(X)","(X)"
"    Time of departure to go to work","26.8%","(X)","(X)","(X)","(X)","(X)","(X)","(X)","(X)","(X)"
"    Travel time to work","19.9%","(X)","(X)","(X)","(X)","(X)","(X)","(X)","(X)","(X)"
"    Vehicles available","3.4%","(X)","(X)","(X)","(X)","(X)","(X)","(X)","(X)","(X)"