ZIPCode,CountyName
35004,Saint Clair
35011,Tallapoosa
35021,Jefferson
35036,Jefferson
35045,Chilton
35054,Saint Clair
35060,Jefferson
35070,Cullman
35078,Shelby
35085,Chilton
35111,Jefferson
35015,Jefferson
35022,Jefferson
35033,Cullman
35042,Bibb
35049,Blount
35055,Cullman
35063,Walker
35080,Shelby
35007,Shelby
35016,Marshall
35056,Cullman
35064,Jefferson
35094,Jefferson
35114,Shelby
35118,Jefferson
35127,Jefferson
35135,Saint Clair
35010,Tallapoosa
35020,Jefferson
35035,Bibb
35044,Talladega
35005,Jefferson
35013,Blount
35031,Blount
35038,Walker
35046,Chilton
35061,Jefferson
35071,Jefferson
35079,Blount
35087,Cullman
35019,Cullman
35023,Jefferson
35034,Bibb
35043,Shelby
35051,Shelby
35073,Jefferson
35096,Talladega
35006,Jefferson
35014,Talladega
35032,Talladega
35040,Shelby
35048,Jefferson
35062,Jefferson
35072,Coosa
35089,Coosa
35112,Saint Clair
35053,Cullman
35058,Cullman
35068,Jefferson
35077,Cullman
35083,Cullman
35098,Cullman
35116,Jefferson
35120,Saint Clair
35130,Walker
35139,Jefferson
35148,Walker
35179,Cullman
35184,Bibb
35204,Jefferson
35210,Jefferson
35242,Shelby
35249,Jefferson
35447,Pickens
35458,Tuscaloosa
35463,Tuscaloosa
35480,Tuscaloosa
35490,Tuscaloosa
35541,Winston
35555,Fayette
35117,Jefferson
35121,Blount
35126,Jefferson
35142,Jefferson
35149,Talladega
35160,Talladega
35173,Jefferson
35185,Shelby
35205,Jefferson
35219,Jefferson
35222,Jefferson
35226,Jefferson
35229,Jefferson
35238,Shelby
35244,Jefferson
35253,Jefferson
35259,Jefferson
35287,Jefferson
35291,Jefferson
35293,Jefferson
35296,Jefferson
35401,Tuscaloosa
35406,Tuscaloosa
35448,Greene
35459,Sumter
35464,Sumter
35473,Tuscaloosa
35481,Pickens
35491,Greene
35542,Fayette
35550,Walker
35559,Fayette
35570,Marion
35575,Winston
35580,Walker
35611,Limestone
35630,Lauderdale
35052,Saint Clair
35057,Cullman
35074,Bibb
35082,Clay
35097,Blount
35125,Saint Clair
35137,Shelby
35183,Coosa
35203,Jefferson
35221,Jefferson
35224,Jefferson
35236,Jefferson
35255,Jefferson
35282,Jefferson
35405,Tuscaloosa
35457,Tuscaloosa
35478,Tuscaloosa
35549,Walker
35565,Winston
35091,Jefferson
35124,Shelby
35133,Blount
35146,Saint Clair
35175,Marshall
35181,Jefferson
35188,Bibb
35207,Jefferson
35212,Jefferson
35215,Jefferson
35217,Jefferson
35220,Jefferson
35232,Jefferson
35246,Jefferson
35254,Jefferson
35260,Jefferson
35283,Jefferson
35292,Jefferson
35294,Jefferson
35402,Tuscaloosa
35441,Hale
35444,Tuscaloosa
35453,Tuscaloosa
35460,Sumter
35470,Sumter
35482,Tuscaloosa
35503,Walker
35545,Fayette
35553,Winston
35563,Marion
35572,Winston
35577,Winston
35584,Walker
35601,Morgan
35614,Limestone
35131,Saint Clair
35143,Shelby
35161,Talladega
35180,Jefferson
35187,Shelby
35206,Jefferson
35214,Jefferson
35231,Jefferson
35266,Jefferson
35440,Tuscaloosa
35443,Greene
35452,Tuscaloosa
35469,Greene
35502,Walker
35544,Lamar
35552,Lamar
35560,Walker
35571,Franklin
35576,Lamar
35582,Franklin
35594,Marion
35613,Limestone
35619,Morgan
35647,Limestone
35673,Morgan
35115,Shelby
35119,Jefferson
35123,Jefferson
35128,Saint Clair
35136,Coosa
35147,Shelby
35151,Talladega
35172,Jefferson
35178,Shelby
35182,Saint Clair
35202,Jefferson
35209,Jefferson
35216,Jefferson
35218,Jefferson
35228,Jefferson
35234,Jefferson
35261,Jefferson
35285,Jefferson
35290,Jefferson
35298,Jefferson
35404,Tuscaloosa
35442,Pickens
35446,Tuscaloosa
35456,Tuscaloosa
35462,Greene
35471,Pickens
35475,Tuscaloosa
35477,Sumter
35487,Tuscaloosa
35540,Winston
35548,Marion
35554,Walker
35564,Marion
35573,Walker
35578,Walker
35586,Lamar
35603,Morgan
35616,Colbert
35622,Morgan
35150,Talladega
35171,Chilton
35176,Shelby
35201,Jefferson
35208,Jefferson
35213,Jefferson
35223,Jefferson
35233,Jefferson
35235,Jefferson
35270,Jefferson
35288,Jefferson
35295,Jefferson
35297,Jefferson
35403,Tuscaloosa
35461,Pickens
35474,Hale
35476,Tuscaloosa
35486,Tuscaloosa
35504,Walker
35546,Fayette
35585,Franklin
35602,Morgan
35615,Limestone
35621,Morgan
35633,Lauderdale
35649,Limestone
35660,Colbert
35677,Lauderdale
35745,Jackson
35754,Morgan
35761,Madison
35186,Shelby
35211,Jefferson
35243,Jefferson
35407,Tuscaloosa
35449,Tuscaloosa
35466,Pickens
35501,Walker
35543,Marion
35551,Winston
35581,Franklin
35593,Franklin
35612,Limestone
35618,Lawrence
35574,Lamar
35587,Walker
35609,Morgan
35617,Lauderdale
35640,Morgan
35651,Lawrence
35662,Colbert
35747,Marshall
35756,Limestone
35766,Jackson
35774,Jackson
35803,Madison
35811,Madison
35902,Etowah
35963,De Kalb
35971,De Kalb
35979,Jackson
36005,Pike
36017,Barbour
36033,Butler
36040,Lowndes
36048,Barbour
36067,Autauga
36078,Elmore
36087,Macon
36091,Chilton
36204,Calhoun
36255,Clay
35620,Limestone
35632,Lauderdale
35648,Lauderdale
35654,Franklin
35674,Colbert
35744,Jackson
35752,Jackson
35760,Madison
35763,Madison
35771,Jackson
35776,Jackson
35808,Madison
35816,Madison
35951,Marshall
35960,Cherokee
35975,De Kalb
35983,Cherokee
36013,Montgomery
36030,Butler
36037,Butler
36043,Montgomery
36052,Montgomery
36065,Montgomery
36071,Crenshaw
36131,Montgomery
36135,Montgomery
36141,Montgomery
36177,Montgomery
36206,Calhoun
36251,Clay
36269,Cleburne
36275,Cherokee
35634,Lauderdale
35650,Lawrence
35661,Colbert
35699,Morgan
35746,Jackson
35755,Jackson
35762,Madison
35765,Jackson
35773,Madison
35802,Madison
35810,Madison
35893,Madison
35897,Madison
35901,Etowah
35906,Etowah
35952,Etowah
35956,Etowah
35962,De Kalb
35978,De Kalb
35986,De Kalb
36003,Autauga
36016,Barbour
36026,Coosa
36032,Lowndes
36039,Macon
36047,Lowndes
36053,Bullock
36066,Autauga
36075,Macon
36083,Macon
36103,Montgomery
36107,Montgomery
36110,Montgomery
36113,Montgomery
36118,Montgomery
36121,Montgomery
36125,Montgomery
36132,Montgomery
36140,Montgomery
36142,Montgomery
36191,Montgomery
36250,Calhoun
36254,Calhoun
36264,Cleburne
36276,Randolph
35631,Lauderdale
35646,Colbert
35653,Franklin
35672,Lawrence
35741,Madison
35750,Madison
35775,Morgan
35806,Madison
35814,Madison
35895,Madison
35898,Madison
35903,Etowah
35958,Jackson
35973,Cherokee
35988,De Kalb
36009,Crenshaw
36022,Elmore
36028,Crenshaw
36035,Pike
36041,Crenshaw
36051,Autauga
36062,Crenshaw
36081,Pike
36101,Montgomery
36105,Montgomery
36108,Montgomery
36112,Montgomery
36114,Montgomery
36116,Montgomery
36119,Montgomery
36123,Montgomery
36130,Montgomery
36262,Cleburne
36267,Clay
35764,Jackson
35772,Jackson
35801,Madison
35809,Madison
35824,Madison
35896,Madison
35899,Madison
35905,Etowah
35961,De Kalb
35968,De Kalb
35976,Marshall
35984,De Kalb
35990,Etowah
36015,Butler
36025,Elmore
36031,Macon
36038,Covington
36046,Montgomery
36072,Barbour
36089,Bullock
36102,Montgomery
36106,Montgomery
36120,Montgomery
36203,Calhoun
36207,Calhoun
36253,Calhoun
36258,Clay
36271,Calhoun
36277,Calhoun
36310,Henry
36317,Henry
35742,Limestone
35751,Jackson
35759,Madison
35769,Jackson
35807,Madison
35815,Madison
35904,Etowah
35950,Marshall
35959,Cherokee
35967,De Kalb
35974,De Kalb
35989,De Kalb
36010,Pike
36024,Elmore
36029,Bullock
36036,Montgomery
36042,Crenshaw
36064,Montgomery
36069,Montgomery
36082,Pike
36109,Montgomery
36117,Montgomery
36124,Montgomery
36202,Calhoun
36257,Calhoun
36263,Randolph
36268,Talladega
36274,Randolph
36301,Houston
36272,Calhoun
36278,Randolph
36318,Geneva
36343,Houston
36349,Geneva
36421,Covington
36518,Washington
36547,Baldwin
36564,Baldwin
36578,Baldwin
36603,Mobile
36619,Mobile
36660,Mobile
36702,Dallas
36727,Clarke
36741,Wilcox
36754,Marengo
36763,Marengo
36782,Marengo
36792,Bibb
36280,Randolph
36302,Houston
36316,Geneva
36321,Houston
36370,Houston
36420,Covington
36445,Monroe
36476,Covington
36504,Escambia
36511,Baldwin
36521,Mobile
36526,Baldwin
36550,Baldwin
36567,Baldwin
36575,Mobile
36590,Mobile
36608,Mobile
36695,Mobile
36723,Wilcox
36748,Marengo
36767,Dallas
36773,Dallas
36830,Lee
36851,Russell
36856,Russell
36865,Lee
36875,Russell
35579,Walker
35592,Lamar
35610,Lauderdale
35643,Lawrence
35670,Morgan
35739,Limestone
35748,Madison
35757,Madison
35767,Madison
35804,Madison
35812,Madison
35953,Saint Clair
35964,Marshall
35980,Marshall
36006,Autauga
36049,Crenshaw
36054,Elmore
36079,Pike
36092,Elmore
36115,Montgomery
36260,Calhoun
36303,Houston
36311,Dale
36322,Dale
36340,Geneva
36346,Coffee
36353,Henry
36373,Henry
36439,Monroe
36451,Clarke
36460,Monroe
36470,Monroe
36480,Monroe
36483,Covington
36505,Mobile
36513,Washington
36527,Baldwin
36530,Baldwin
36541,Mobile
36553,Washington
36562,Baldwin
36569,Washington
36577,Baldwin
36584,Washington
36602,Mobile
36613,Mobile
36618,Mobile
36652,Mobile
36685,Mobile
36701,Dallas
36726,Wilcox
36740,Greene
36750,Chilton
36753,Wilcox
36761,Dallas
36768,Wilcox
36776,Hale
36790,Chilton
36832,Lee
36853,Tallapoosa
36860,Russell
36867,Russell
36877,Lee
36907,Sumter
36919,Choctaw
35645,Lauderdale
35652,Lauderdale
35671,Limestone
35740,Jackson
35749,Madison
35758,Madison
35768,Jackson
35805,Madison
35813,Madison
35894,Madison
35907,Etowah
35954,Etowah
35957,Marshall
35966,Jackson
35972,Etowah
35981,De Kalb
35987,Saint Clair
36008,Autauga
36020,Elmore
36027,Barbour
36034,Crenshaw
36057,Montgomery
36068,Autauga
36080,Elmore
36088,Macon
36093,Elmore
36104,Montgomery
36111,Montgomery
36201,Calhoun
36205,Calhoun
36256,Tallapoosa
36261,Cleburne
36273,Cleburne
36265,Calhoun
36266,Clay
36304,Houston
36312,Houston
36319,Houston
36323,Coffee
36350,Dale
36360,Dale
36374,Dale
36427,Escambia
36441,Escambia
36453,Coffee
36471,Monroe
36481,Monroe
36507,Baldwin
36523,Mobile
36528,Mobile
36536,Baldwin
36542,Baldwin
36555,Baldwin
36571,Mobile
36579,Baldwin
36604,Mobile
36610,Mobile
36628,Mobile
36663,Mobile
36688,Mobile
36703,Dallas
36728,Wilcox
36742,Hale
36756,Perry
36764,Marengo
36783,Marengo
36793,Bibb
36854,Chambers
36279,Calhoun
36305,Houston
36314,Geneva
36320,Houston
36330,Coffee
36344,Geneva
36351,Coffee
36362,Dale
36376,Houston
36426,Escambia
36432,Conecuh
36442,Covington
36455,Covington
36461,Monroe
36474,Covington
36482,Clarke
36502,Escambia
36509,Mobile
36524,Clarke
36529,Washington
36532,Baldwin
36538,Washington
36544,Mobile
36548,Washington
36559,Baldwin
36574,Baldwin
36581,Washington
36585,Washington
36606,Mobile
36611,Mobile
36615,Mobile
36633,Mobile
36670,Mobile
36691,Mobile
36720,Wilcox
36732,Marengo
36744,Hale
36751,Wilcox
36758,Dallas
36766,Wilcox
36769,Wilcox
36785,Lowndes
36803,Lee
36849,Lee
36871,Russell
36901,Sumter
36331,Coffee
36345,Henry
36352,Dale
36401,Conecuh
36435,Wilcox
36444,Monroe
36456,Butler
36475,Conecuh
36503,Escambia
36525,Mobile
36533,Baldwin
36539,Washington
36549,Baldwin
36560,Mobile
36582,Mobile
36587,Mobile
36607,Mobile
36612,Mobile
36616,Mobile
36640,Mobile
36671,Mobile
36693,Mobile
36722,Wilcox
36736,Marengo
36745,Marengo
36759,Dallas
36804,Lee
36850,Tallapoosa
36855,Chambers
36863,Chambers
36874,Lee
36913,Choctaw
36925,Sumter
36371,Dale
36436,Clarke
36446,Clarke
36458,Monroe
36467,Covington
36477,Geneva
36512,Mobile
36522,Mobile
36535,Baldwin
36540,Clarke
36545,Clarke
36551,Baldwin
36561,Baldwin
36568,Mobile
36576,Baldwin
36583,Washington
36601,Mobile
36609,Mobile
36617,Mobile
36644,Mobile
36675,Mobile
36738,Marengo
36749,Autauga
36752,Lowndes
36775,Dallas
36786,Perry
36831,Lee
36852,Lee
36858,Russell
36866,Macon
36904,Choctaw
36916,Choctaw
36922,Choctaw
36313,Geneva
36361,Dale
36375,Geneva
36425,Monroe
36429,Conecuh
36454,Conecuh
36473,Conecuh
36543,Escambia
36556,Washington
36558,Washington
36572,Mobile
36580,Baldwin
36605,Mobile
36689,Mobile
36765,Hale
36784,Clarke
36801,Lee
36862,Chambers
36870,Lee
36879,Lee
36912,Choctaw
36921,Choctaw
36861,Tallapoosa
36868,Russell
36908,Choctaw
36915,Choctaw
36869,Russell
36910,Choctaw
